Year,Quarter,QuarterlyRevenue
2023,4.0,3769.5199999999995
2024,1.0,165664.38999999987
2024,2.0,170817.97999999992
2024,3.0,205406.88
2024,4.0,144336.78999999986
