Year,Month,AvgDailyRevenue
2023,12,1884.76
2024,01,2212.546333333333
2024,02,2058.3707999999997
2024,03,1594.2910000000002
2024,04,1983.415862068966
2024,05,2304.562142857143
2024,06,1875.8146153846158
2024,07,2302.141612903226
2024,08,2114.5580000000004
2024,09,2521.5625
2024,10,1680.8292857142858
2024,11,1592.6820833333331
2024,12,2271.123076923077
