Year,TotalRevenue
2023,3769.5199999999995
2024,686226.0399999996
